ISO3,ADM1_PCODE,Population
AGO,AO01,514519
AGO,AO02,3219181
AGO,AO03,2099472
AGO,AO04,1033067
AGO,AO05,770395
AGO,AO06,639667
AGO,AO07,2714946
AGO,AO08,1428380
AGO,AO10,2913578
AGO,AO09,3602984
AGO,AO11,10019983
AGO,AO12,1244409
AGO,AO13,775569
AGO,AO14,1423011
AGO,AO15,1094368
AGO,AO16,714604
AGO,AO17,2139670
AGO,AO18,857571
BGD,BD10,8110723
BGD,BD20,32593285
BGD,BD30,47312914
BGD,BD40,16132492
BGD,BD45,11809762
BGD,BD50,20150829
BGD,BD55,17363512
BGD,BD60,12176958
BEN,BJ01,1394508
BEN,BJ02,1049128
BEN,BJ03,2436165
BEN,BJ04,1985360
BEN,BJ05,930351
BEN,BJ06,1021944
BEN,BJ07,817837
BEN,BJ08,665209
BEN,BJ09,662296
BEN,BJ10,1643265
BEN,BJ11,917157
BEN,BJ12,1173832
BFA,BF46,2134167
BFA,BF47,950984
BFA,BF13,3646922
BFA,BF48,1798613
BFA,BF49,2147981
BFA,BF50,1878168
BFA,BF51,878419
BFA,BF52,2254547
BFA,BF53,2588993
BFA,BF54,1951702
BFA,BF55,1103485
BFA,BF56,1231509
BFA,BF57,993001
BDI,BDI001,550394
BDI,BDI017,1117744
BDI,BDI002,793547
BDI,BDI003,488215
BDI,BDI004,394519
BDI,BDI005,800783
BDI,BDI006,1053279
BDI,BDI007,696612
BDI,BDI008,864791
BDI,BDI009,1052885
BDI,BDI010,805459
BDI,BDI011,420081
BDI,BDI012,1116451
BDI,BDI013,396304
BDI,BDI014,1005916
BDI,BDI018,596159
BDI,BDI015,604204
BDI,BDI016,705352
CMR,CM001,1541773
CMR,CM002,5487640
CMR,CM003,1283771
CMR,CM004,5499116
CMR,CM005,4498867
CMR,CM006,3485916
CMR,CM007,2428174
CMR,CM008,2232838
CMR,CM009,885734
CMR,CM010,2098489
CPV,CV01,22034
CPV,CV02,5288
CPV,CV03,8024
CPV,CV04,9202
CPV,CV05,5147
CPV,CV06,16595
CPV,CV07,177456
CPV,CV08,6719
CPV,CV09,14903
CPV,CV10,8638
CPV,CV11,43878
CPV,CV12,48027
CPV,CV13,5169
CPV,CV14,25731
CPV,CV15,14261
CPV,CV16,20072
CPV,CV17,6850
CPV,CV18,13449
CPV,CV19,8567
CPV,CV20,86347
CPV,CV21,17998
CPV,CV22,5168
CAF,CF11,448465
CAF,CF12,310366
CAF,CF21,458611
CAF,CF22,293758
CAF,CF23,127068
CAF,CF31,541220
CAF,CF32,464175
CAF,CF41,148874
CAF,CF42,148115
CAF,CF43,347873
CAF,CF51,54346
CAF,CF52,113543
CAF,CF53,65693
CAF,CF61,313224
CAF,CF62,206187
CAF,CF63,72416
CAF,CF71,839080
TCD,TD19,412808
TCD,TD01,763062
TCD,TD02,159353
TCD,TD03,918084
TCD,TD20,174805
TCD,TD23,99126
TCD,TD04,709893
TCD,TD05,908127
TCD,TD06,550092
TCD,TD07,705362
TCD,TD08,1115244
TCD,TD09,1239738
TCD,TD10,1025580
TCD,TD11,1264762
TCD,TD12,932156
TCD,TD13,969006
TCD,TD18,1801264
TCD,TD14,1168288
TCD,TD15,496719
TCD,TD21,645792
TCD,TD16,1104153
TCD,TD22,42784
TCD,TD17,827551
COD,CD52,1263826
COD,CD41,2449136
COD,CD71,6102542
COD,CD73,4074329
COD,CD53,1826974
COD,CD54,5611925
COD,CD92,4492960
COD,CD91,4788439
COD,CD82,5413325
COD,CD10,9924784
COD,CD20,4019147
COD,CD31,2507332
COD,CD32,5018175
COD,CD81,3991994
COD,CD72,2344642
COD,CD33,1926111
COD,CD63,2636541
COD,CD44,2522035
COD,CD61,10240652
COD,CD43,1582171
COD,CD83,2047529
COD,CD62,7104950
COD,CD42,2872456
COD,CD74,3158328
COD,CD51,3159161
COD,CD45,2119894
CIV,CI12,457458
CIV,CI26,1201952
CIV,CI29,943527
CIV,CI20,639662
CIV,CI30,733460
CIV,CI10,110040
CIV,CI21,220701
CIV,CI01,5372892
CIV,CI02,405837
CIV,CI13,999981
CIV,CI22,832241
CIV,CI06,395784
CIV,CI19,375912
CIV,CI25,378426
CIV,CI27,282583
CIV,CI03,692645
CIV,CI15,406888
CIV,CI24,587460
CIV,CI09,524999
CIV,CI16,1049357
CIV,CI32,1108720
CIV,CI18,1633258
CIV,CI23,984235
CIV,CI05,428795
CIV,CI28,871809
CIV,CI31,529739
CIV,CI11,1177794
CIV,CI17,490767
CIV,CI04,240004
CIV,CI07,444849
CIV,CI33,310833
CIV,CI08,304940
CIV,CI14,761510
DJI,DJ01,37856
DJI,DJ02,86704
DJI,DJ03,88948
DJI,DJ04,475322
DJI,DJ05,86949
DJI,DJ06,42380
DOM,DO01,648321
DOM,DO02,423151
DOM,DO03,1643125
DOM,DO04,742974
DOM,DO05,280455
DOM,DO06,386749
DOM,DO07,586162
DOM,DO08,4116946
DOM,DO09,1132724
DOM,DO10,750548
ECU,EC01,881394
ECU,EC02,209933
ECU,EC03,281396
ECU,EC04,186869
ECU,EC05,488716
ECU,EC06,524004
ECU,EC07,715751
ECU,EC08,643654
ECU,EC09,4387434
ECU,EC10,476257
ECU,EC11,521154
ECU,EC12,921763
ECU,EC13,1562079
ECU,EC14,196535
ECU,EC15,133705
ECU,EC16,114202
ECU,EC17,3228233
ECU,EC18,590600
ECU,EC19,120416
ECU,EC20,33042
ECU,EC21,230503
ECU,EC22,161338
ECU,EC23,458580
ECU,EC24,401178
ECU,EC90,41907
SLV,SV01,370578
SLV,SV02,154063
SLV,SV03,177552
SLV,SV04,269532
SLV,SV05,807235
SLV,SV06,361691
SLV,SV07,227155
SLV,SV08,195026
SLV,SV09,464302
SLV,SV10,1729479
SLV,SV11,175255
SLV,SV12,561106
SLV,SV13,509210
SLV,SV14,348785
ETH,ET01,5649587
ETH,ET02,1989997
ETH,ET03,22530515
ETH,ET04,39075002
ETH,ET05,6355003
ETH,ET06,1187997
ETH,ET07,13250645
ETH,ET11,3453447
ETH,ET12,492002
ETH,ET13,270000
ETH,ET14,3773999
ETH,ET15,521000
ETH,ET16,3987457
GHA,GH01,564668
GHA,GH02,5440463
GHA,GH03,1208649
GHA,GH04,1203400
GHA,GH05,2859821
GHA,GH06,2925653
GHA,GH07,5455692
GHA,GH08,2310939
GHA,GH09,658946
GHA,GH10,747248
GHA,GH11,653266
GHA,GH12,1301226
GHA,GH13,901502
GHA,GH14,1659040
GHA,GH15,2060585
GHA,GH16,880921
GTM,GT16,1432432
GTM,GT15,350078
GTM,GT04,784346
GTM,GT20,465067
GTM,GT02,198129
GTM,GT05,834026
GTM,GT01,3679326
GTM,GT13,1480901
GTM,GT18,463785
GTM,GT21,420247
GTM,GT22,569668
GTM,GT17,648934
GTM,GT09,949371
GTM,GT14,1137777
GTM,GT11,391830
GTM,GT03,414502
GTM,GT12,1239504
GTM,GT06,462019
GTM,GT07,494590
GTM,GT10,633263
GTM,GT08,514756
GTM,GT19,278581
GIN,GN001,1441695
GIN,GN002,2211435
GIN,GN003,1253197
GIN,GN004,2612498
GIN,GN005,2076876
GIN,GN006,1320974
GIN,GN007,972342
GIN,GN008,2100771
HTI,HT05,1773668
HTI,HT06,1013663
HTI,HT08,554374
HTI,HT10,388842
HTI,HT03,1154133
HTI,HT04,459528
HTI,HT09,759729
HTI,HT01,3975839
HTI,HT07,984356
HTI,HT02,835423
HND,HN01,515621
HND,HN06,496893
HND,HN02,365557
HND,HN03,604318
HND,HN04,437011
HND,HN05,1920704
HND,HN07,525548
HND,HN08,1773166
HND,HN09,112322
HND,HN10,283871
HND,HN11,82374
HND,HN12,239305
HND,HN13,388675
HND,HN14,177135
HND,HN15,610807
HND,HN16,496981
HND,HN17,198655
HND,HN18,663731
KEN,KE001,1208303
KEN,KE002,866802
KEN,KE003,1453762
KEN,KE004,315941
KEN,KE005,143916
KEN,KE006,340664
KEN,KE007,841319
KEN,KE008,781214
KEN,KE009,867420
KEN,KE010,459767
KEN,KE011,267993
KEN,KE012,1545673
KEN,KE013,393170
KEN,KE014,608575
KEN,KE015,1136154
KEN,KE016,1421898
KEN,KE017,987633
KEN,KE018,638269
KEN,KE019,759133
KEN,KE020,610380
KEN,KE021,1056609
KEN,KE022,2417600
KEN,KE023,926955
KEN,KE024,621226
KEN,KE025,310320
KEN,KE026,990313
KEN,KE027,1163158
KEN,KE028,454468
KEN,KE029,885689
KEN,KE030,666750
KEN,KE031,518542
KEN,KE032,2162107
KEN,KE033,1157847
KEN,KE034,1117802
KEN,KE035,901749
KEN,KE036,875666
KEN,KE037,1867539
KEN,KE038,590001
KEN,KE039,1670535
KEN,KE040,893653
KEN,KE041,993165
KEN,KE042,1155551
KEN,KE043,1131927
KEN,KE044,1116401
KEN,KE045,1266822
KEN,KE046,605563
KEN,KE047,4396828
LSO,LSA,576429
LSO,LSB,123302
LSO,LSC,366361
LSO,LSD,270523
LSO,LSE,168244
LSO,LSF,157683
LSO,LSG,109506
LSO,LSH,77637
LSO,LSJ,102066
LSO,LSK,138731
LBR,LR01,110141
LBR,LR02,476283
LBR,LR03,109183
LBR,LR04,290274
LBR,LR05,167731
LBR,LR06,164004
LBR,LR07,75827
LBR,LR08,362499
LBR,LR09,274857
LBR,LR10,177987
LBR,LR11,1464139
LBR,LR12,604946
LBR,LR13,87448
LBR,LR14,93630
LBR,LR15,134073
MDG,MG11,4093006
MDG,MG12,2204061
MDG,MG13,895694
MDG,MG14,559010
MDG,MG21,1465681
MDG,MG22,873929
MDG,MG23,1731242
MDG,MG24,381712
MDG,MG25,1098423
MDG,MG31,1553067
MDG,MG32,1265172
MDG,MG33,1255368
MDG,MG41,977389
MDG,MG42,1524169
MDG,MG43,358752
MDG,MG44,353952
MDG,MG51,1609382
MDG,MG52,897037
MDG,MG53,821102
MDG,MG54,723699
MDG,MG71,855588
MDG,MG72,1198774
MWI,MW2,8533879
MWI,MW1,2532270
MWI,MW3,8743362
MLI,ML09,2231344
MLI,ML07,668410
MLI,ML01,2457204
MLI,ML08,83490
MLI,ML02,2985338
MLI,ML05,2509703
MLI,ML04,2882102
MLI,ML03,3257816
MLI,ML06,831707
MRT,MR01,60843
MRT,MR02,405389
MRT,MR03,334750
MRT,MR04,157821
MRT,MR05,388461
MRT,MR06,330658
MRT,MR07,541134
MRT,MR08,340578
MRT,MR09,27025
MRT,MR10,1324662
MRT,MR11,85961
MRT,MR12,316489
MRT,MR13,58267
MOZ,MZ01,3023823
MOZ,MZ02,1656506
MOZ,MZ03,1698853
MOZ,MZ04,2614831
MOZ,MZ05,2483231
MOZ,MZ06,1327194
MOZ,MZ07,7255120
MOZ,MZ08,2385570
MOZ,MZ09,2939536
MOZ,MZ10,3432961
MOZ,MZ11,6346367
NAM,NA02,15022
NAM,NA03,13650
NAM,NA04,13519
NAM,NA05,16266
NAM,NA14,30297
NAM,NA06,17800
NAM,NA07,26756
NAM,NA08,25846
NAM,NA09,12963
NAM,NA10,15305
NAM,NA11,18609
NAM,NA12,35175
NAM,NA13,27856
NAM,NA01,14878
NER,NE001,714495
NER,NE002,872642
NER,NE003,3173107
NER,NE004,5278548
NER,NE008,1492415
NER,NE005,5138554
NER,NE006,4202817
NER,NE007,5495269
NGA,NG001,4143093
NGA,NG002,4902055
NGA,NG003,4979418
NGA,NG004,5953517
NGA,NG005,8308783
NGA,NG006,2537375
NGA,NG007,6141284
NGA,NG008,6111462
NGA,NG009,4406204
NGA,NG010,5636145
NGA,NG011,3242518
NGA,NG012,4777042
NGA,NG013,3592163
NGA,NG014,4690053
NGA,NG015,3067457
NGA,NG016,3960122
NGA,NG017,5459337
NGA,NG018,7499059
NGA,NG019,9032181
NGA,NG020,15462177
NGA,NG021,10368483
NGA,NG022,5563907
NGA,NG023,4466801
NGA,NG024,3551023
NGA,NG025,13491804
NGA,NG026,2886022
NGA,NG027,6783325
NGA,NG028,6379532
NGA,NG029,5316603
NGA,NG030,4435803
NGA,NG031,7976081
NGA,NG032,4717305
NGA,NG033,7476805
NGA,NG034,6391047
NGA,NG035,3609843
NGA,NG036,3649607
NGA,NG037,5833494
PAK,PK7,12344408
PAK,PK5,2006572
PAK,PK2,35525047
PAK,PK6,110012442
PAK,PK8,47886051
PSE,PS02,2226544
PSE,PS01,3256906
SEN,SN01,4042225
SEN,SN02,1980821
SEN,SN03,965912
SEN,SN04,782273
SEN,SN05,1267014
SEN,SN06,203723
SEN,SN07,875660
SEN,SN08,1121619
SEN,SN09,789219
SEN,SN10,1150062
SEN,SN11,612649
SEN,SN12,937182
SEN,SN13,2280458
SEN,SN14,729978
SLE,SL01,1831156
SLE,SL02,2796517
SLE,SL03,1606984
SLE,SL04,1672681
SOM,SO11,673264
SOM,SO12,1242003
SOM,SO13,721363
SOM,SO14,327427
SOM,SO15,544123
SOM,SO16,730147
SOM,SO17,392697
SOM,SO18,717862
SOM,SO19,569434
SOM,SO20,520686
SOM,SO21,516035
SOM,SO22,1650228
SOM,SO23,1202219
SOM,SO24,792182
SOM,SO25,367227
SOM,SO26,508403
SOM,SO27,362921
SOM,SO28,489307
ZAF,ZA2,6510816
ZAF,ZA4,2663702
ZAF,ZA7,14760167
ZAF,ZA5,10418811
ZAF,ZA9,5527257
ZAF,ZA8,4547481
ZAF,ZA6,3885864
ZAF,ZA3,1251220
ZAF,ZA1,6898299
SSD,SS01,1545676
SSD,SS02,1125347
SSD,SS03,2031777
SSD,SS04,1209753
SSD,SS05,935155
SSD,SS06,1123632
SSD,SS07,1522252
SSD,SS08,1294050
SSD,SS09,662897
SSD,SS10,944431
SDN,SD15,5337548
SDN,SD08,923428
SDN,SD06,1220625
SDN,SD05,2476295
SDN,SD12,3001252
SDN,SD11,2714977
SDN,SD01,5410683
SDN,SD02,3350597
SDN,SD13,3518500
SDN,SD17,1529740
SDN,SD10,1912494
SDN,SD16,2582799
SDN,SD14,1946723
SDN,SD03,3866716
SDN,SD07,1164318
SDN,SD04,373147
SDN,SD18,2714311
SDN,SD09,3470376
SWZ,SZ1,346337
SWZ,SZ4,230695
SWZ,SZ2,386251
SWZ,SZ3,210735
TZA,TZ02,2190453
TZA,TZ06,1357842
TZA,TZ07,7037577
TZA,TZ01,2562332
TZA,TZ25,2228513
TZA,TZ11,1075435
TZA,TZ18,3420189
TZA,TZ23,776274
TZA,TZ16,2477796
TZA,TZ03,1940962
TZA,TZ08,999640
TZA,TZ21,1928259
TZA,TZ20,2189740
TZA,TZ12,2350707
TZA,TZ05,2775682
TZA,TZ09,1457965
TZA,TZ19,3666275
TZA,TZ22,779475
TZA,TZ54,249446
TZA,TZ55,224215
TZA,TZ15,1414179
TZA,TZ10,1690279
TZA,TZ17,1894684
TZA,TZ24,1917766
TZA,TZ13,1812456
TZA,TZ26,1203926
TZA,TZ14,3029855
TZA,TZ04,2588076
TZA,TZ52,138495
TZA,TZ51,249725
TZA,TZ53,924627
TLS,TL02,57308
TLS,TL01,65692
TLS,TL03,127219
TLS,TL04,99884
TLS,TL05,70869
TLS,TL06,364423
TLS,TL07,141538
TLS,TL09,66966
TLS,TL08,82551
TLS,TL11,49689
TLS,TL10,58336
TLS,TL12,72328
TLS,TL13,79412
TGO,TG03,3387508
TGO,TG04,1775646
TGO,TG01,800234
TGO,TG02,996851
TGO,TG05,1059842
UGA,UG1,12917669
UGA,UG2,12023423
UGA,UG3,9509382
UGA,UG4,11760284
ZMB,ZM30,2119981
ZMB,ZM11,964189
ZMB,ZM70,927181
ZMB,ZM10,1654706
ZMB,ZM40,1243727
ZMB,ZM20,2429638
ZMB,ZM60,1510683
ZMB,ZM80,2094285
ZMB,ZM50,3433676
ZMB,ZM90,1048557
ZWE,ZW10,797611
ZWE,ZW19,3078170
ZWE,ZW11,2172202
ZWE,ZW12,1595456
ZWE,ZW13,1803156
ZWE,ZW14,2047180
ZWE,ZW18,1931818
ZWE,ZW15,964606
ZWE,ZW16,876887
ZWE,ZW17,2141478
AFG,AF17,1679524.099
AFG,AF31,834593.7943
AFG,AF09,1963081.357
AFG,AF21,2437336.592
AFG,AF10,515908.7672
AFG,AF24,820910.5584
AFG,AF33,878882.4187
AFG,AF29,1825800.581
AFG,AF11,1533902.716
AFG,AF23,1075240.835
AFG,AF30,2862519.914
AFG,AF32,3629767.697
AFG,AF28,738467.9249
AFG,AF01,5995339.056
AFG,AF27,2222609.548
AFG,AF02,639963.0513
AFG,AF14,1353165.367
AFG,AF15,1358622.363
AFG,AF19,1436179.634
AFG,AF07,1034728.302
AFG,AF05,739711.557
AFG,AF04,872010.359
AFG,AF06,3888348.785
AFG,AF34,433174.8048
AFG,AF16,307892.4298
AFG,AF12,560510.3037
AFG,AF13,1164502.475
AFG,AF08,250302.4839
AFG,AF03,968403.9841
AFG,AF20,662518.7708
AFG,AF22,868072.0522
AFG,AF18,1859588.799
AFG,AF25,644803.6794
AFG,AF26,539247.4479
LBN,LB-AK, 296.722 
LBN,LB-BH, 220.695 
LBN,LB-BA, 237.027 
LBN,LB-BI, 238.604 
LBN,LB-JL, 1.573.998 
LBN,LB-JA, 314.750 
LBN,LB-AS, 540.792 
LBN,LB-JA, 441.708 
YEM, YE11 ,3329147
YEM, YE12 ,631013
YEM, YE13 ,3849871
YEM, YE14 ,823313
YEM, YE15 ,3515550
YEM, YE16 ,701864
YEM, YE17 ,2688497
YEM, YE18 ,3531706
YEM, YE19 ,1744079
YEM, YE20 ,2382513
YEM, YE21 ,720901
YEM, YE22 ,1306831
YEM, YE23 ,1617970
YEM, YE24 ,1248228
YEM, YE25 ,1169594
YEM, YE26 ,1771017
YEM, YE27 ,841568
YEM, YE28 ,199304
YEM, YE29 ,1252713
YEM, YE30 ,861614
YEM, YE31 ,616000
YEM, YE32 ,75725
GMB,GM01,34277
GMB,GM02,272155
GMB,GM03,815916
GMB,GM04,142148
GMB,GM05,428165
GMB,GM06,251745
GMB,GM07,110472
GMB,GM08,91767
