Country,MAE_global,R2_global,n_global,MAE_regional,R2_regional,n_regional,MAE_local,R2_local,n_local,MAE_cluster_kmeans,R2_cluster_kmeans,n_cluster_kmeans,MAE_cluster_hierarchical,R2_cluster_hierarchical,n_cluster_hierarchical,MAE_cluster_tfidf_kmeans,R2_cluster_tfidf_kmeans,n_cluster_tfidf_kmeans,MAE_cluster_tfidf_hdbscan,R2_cluster_tfidf_hdbscan,n_cluster_tfidf_hdbscan,MAE_cluster_emb_kmeans,R2_cluster_emb_kmeans,n_cluster_emb_kmeans,MAE_cluster_emb_hdbscan,R2_cluster_emb_hdbscan,n_cluster_emb_hdbscan
BEN,3.6838097268029264,-0.49115704983818076,380,3.5801915153076775,-0.4308941626780629,380.0,3.5661444731938996,-0.7295619460173721,380.0,3.522972890969954,-0.4253816242877684,380.0,3.4901571212630524,-0.38245893520720653,380.0,3.480141821346785,-0.35236933108122814,380,3.480141821346785,-0.35236933108122814,380.0,3.480141821346785,-0.35236933108122814,380,3.480141821346785,-0.35236933108122814,380
BFA,5.728587916919163,0.5588975192786023,84,5.47276064327785,0.5899344459356455,84.0,6.208842385382879,0.3757764391769538,84.0,,,,,,,5.587626865931919,0.5762154436864277,84,5.587626865931919,0.5762154436864277,84.0,5.587626865931919,0.5762154436864277,84,5.587626865931919,0.5762154436864277,84
BGD,7.7241042166045215,-1.9919822157910243,66,11.832029833938137,-4.092499015906933,66.0,,,,8.544721707701683,-2.0025894114600438,64.0,8.185401774942875,-2.353246619155679,64.0,8.777939073967211,-1.8473931606449572,66,,,,8.273623741034305,-2.2036781412582753,66,9.202340472828258,-2.364872287096024,66
CAF,8.53586138030629,0.1817943090054177,324,8.841242021984524,0.12579771148875585,324.0,9.810005600069776,-0.055582883330735466,324.0,9.369841754651672,0.1509311662682764,277.0,9.389552901367848,0.13216230892446357,277.0,8.905288036958671,0.1253255775273011,324,9.12517606476207,0.08986434877233929,324.0,9.827264644481518,-0.051784836197287465,324,9.811029916928138,-0.051636909419014554,324
CMR,4.380266132025883,0.39769225122409424,232,4.233144966949677,0.44189461225021975,232.0,3.9724704212155837,0.5140289935261182,232.0,4.161358867225976,0.43606764615505467,232.0,4.39273529217161,0.3871259455820043,232.0,3.914310894135771,0.5250592569483923,232,3.914310894135771,0.5250592569483923,232.0,3.914310894135771,0.5250592569483923,232,3.914310894135771,0.5250592569483923,232
COD,6.241742476850453,0.2644605341219344,505,6.530612372407819,0.18087412651166124,505.0,6.0898683647117995,0.23935743508709362,505.0,6.4628244688212275,0.2062909092821109,503.0,6.516082121885083,0.2050483639945191,503.0,6.616185575900691,0.1550736781341855,505,6.56192533285311,0.175563622900887,505.0,6.567207991722786,0.17357343084511168,505,6.054740137156873,0.26248190663325155,505
GHA,6.3792140501195735,-0.040652738800468935,275,6.052986967346885,0.04891423362331149,275.0,6.6977635096419945,-0.10771771377122463,275.0,6.688370347456498,-0.17728259675161762,275.0,6.632016122991389,-0.16443252569667965,275.0,6.059721401821483,0.06638508177039726,275,6.059721401821483,0.06638508177039726,275.0,6.059721401821483,0.06638508177039726,275,6.059721401821483,0.06638508177039726,275
GIN,5.347613152335672,-1.2905702572003768,34,4.594268371077145,-0.7343226333387036,34.0,4.090319626471576,-0.3230855254381244,34.0,4.484959391986623,-0.6072800710376229,34.0,4.338012730374055,-0.4909693982693031,34.0,4.353988927953384,-0.6018104771841573,34,4.353988927953384,-0.6018104771841573,34.0,4.353988927953384,-0.6018104771841573,34,4.353988927953384,-0.6018104771841573,34
LBN,9.121437853661137,-0.1080774028970517,69,,,,,,,,,,,,,8.852377801701643,0.048237428641543345,69,10.588656128316686,-0.31206108861111237,69.0,10.688893290533535,-0.2804492998024366,69,9.06534194946289,-0.042126831693190425,69
MLI,4.140615897609832,0.5142638487107424,188,3.476566150546708,0.6373652940032276,188.0,2.9569780436602047,0.6747336134982306,188.0,4.872442686352237,0.3647193000736322,116.0,4.455016659765408,0.5025918174670767,116.0,3.6642107870429754,0.6093318520082693,188,3.6642107870429754,0.6093318520082693,188.0,3.6642107870429754,0.6093318520082693,188,3.6642107870429754,0.6093318520082693,188
MOZ,11.894061734335763,-0.7213919947377252,175,9.805714889253888,-0.16223754545202462,175.0,10.263081562178476,-0.22841289581057422,175.0,9.56454681936716,-0.161702376524951,173.0,10.821099832567866,-0.48405454529181435,173.0,10.454545522928237,-0.2947027858126041,175,10.166949559620448,-0.2349520307846571,175.0,9.523337331116199,-0.13933603355532087,175,10.263081562178476,-0.22841289581057422,175
MRT,6.8309602455479475,-1.7519658337744488,241,4.933146739896403,-0.3769437350597289,241.0,4.5405486629217,-0.25182557931889193,241.0,8.338646478652954,-3.743750792156895,225.0,7.921303711997139,-3.1472147963083277,225.0,4.804888003100004,-0.3339129472812954,241,4.804888003100004,-0.3339129472812954,241.0,4.804888003100004,-0.3339129472812954,241,4.804888003100004,-0.3339129472812954,241
MWI,8.341462060809135,-0.2646976367795397,96,,,,8.877208242813746,-0.40046306716868485,96.0,,,,,,,8.145573019981384,-0.3344696147231523,96,8.014908323685328,-0.2671863216300485,96.0,8.578094666202864,-0.4045859012122186,96,9.484688830872377,-0.5932657491745652,96
NER,6.025249664600079,-0.20411966493418343,195,4.864585951047066,0.1948158736708938,195.0,4.688723903951737,0.20926268887199373,195.0,5.754017896950245,-0.11337526364688677,192.0,5.611001407106717,-0.07539998250086133,192.0,5.0970098208158445,0.12762061103211986,195,5.0970098208158445,0.12762061103211986,195.0,5.0970098208158445,0.12762061103211986,195,5.0970098208158445,0.12762061103211986,195
NGA,4.065219513634264,0.4294069157296577,2962,4.055232471827314,0.46287315529402173,2962.0,4.080305643414904,0.4493753481454187,2962.0,4.182338488799396,0.40631279587196634,2957.0,4.183741457727579,0.4309390692768228,2957.0,4.111099441255934,0.42301757480280755,2962,4.111099441255934,0.42301757480280755,2962.0,4.111099441255934,0.42301757480280755,2962,4.111099441255934,0.42301757480280755,2962
PAK,5.751416754722595,-1.3685046907800746,160,6.450959432125091,-1.984413513200069,160.0,5.58404843211174,-1.3127672216561028,160.0,5.511309689283371,-1.2292190659136466,160.0,6.208125746250152,-1.4468416902301309,160.0,5.875348448753357,-1.5371341922961776,160,7.366187995672226,-2.9510150843058534,160.0,5.206025236845017,-1.0155112804635151,160,5.58404843211174,-1.3127672216561028,160
SDN,12.034064497266497,-0.07066897342979472,294,13.157043649631293,-0.33972403530656226,294.0,13.783239707654836,-0.41475573069602945,294.0,12.558812184022464,-0.16500637986129552,291.0,13.028456900947283,-0.26753167936229016,291.0,13.686242377676932,-0.38635174939097205,294,13.783239707654836,-0.41475573069602945,294.0,14.219577624684288,-0.5531654078806449,294,13.58940166113328,-0.39089146266236074,294
SEN,4.294846418180636,-0.4068263977646116,182,3.898913277251707,-0.1988213666709775,182.0,3.524474562688188,-0.09535522709504218,182.0,3.7590660696828757,-0.15629631491868134,182.0,3.849485800304747,-0.3013415060711693,182.0,3.7762979061271134,-0.1368395126937203,182,3.7762979061271134,-0.1368395126937203,182.0,3.7762979061271134,-0.1368395126937203,182,3.7762979061271134,-0.1368395126937203,182
SLE,5.048112417856852,-0.2930130792191017,75,4.293260707855224,0.0019965555918334266,75.0,,,,4.5231518398631705,-0.2187754212217612,55.0,4.368757360631769,-0.07790583021755815,55.0,4.194581508636475,0.027473677360483784,75,4.194581508636475,0.027473677360483784,75.0,4.194581508636475,0.027473677360483784,75,4.194581508636475,0.027473677360483784,75
SSD,9.945861543927874,0.44807870882639944,238,10.334989143018962,0.37220898211245823,238.0,10.498740737177744,0.3515724338382682,238.0,10.146815693632085,0.3949564463485479,235.0,10.379040137757647,0.38842988891173436,235.0,10.209965649773093,0.3928810984001899,238,10.498740737177744,0.3515724338382682,238.0,10.115260208354277,0.3901588685528481,238,10.290576417906946,0.36931668925812344,238
TCD,5.789766683497212,-0.042275970110772665,352,6.168942387808453,-0.1403285408808117,352.0,6.332645728506825,-0.2202046391422452,352.0,5.874877202917229,-0.09704409995411534,352.0,5.7487040896984665,-0.01639892778433505,352.0,5.960971462455663,-0.10889860978349342,352,5.960971462455663,-0.10889860978349342,352.0,5.960971462455663,-0.10889860978349342,352,5.960971462455663,-0.10889860978349342,352
TGO,4.223241369757387,-0.4885589945397797,144,3.5625513750645847,-0.05314873969276057,144.0,4.36938877362344,-0.5290158767433439,144.0,3.7880577776167126,-0.2233743806324049,144.0,3.885429933667183,-0.21531981960159374,144.0,3.5419308476977878,-0.023470393290850655,144,3.5419308476977878,-0.023470393290850655,144.0,3.5419308476977878,-0.023470393290850655,144,3.5419308476977878,-0.023470393290850655,144
UGA,8.794807942708333,0.19042413860679575,75,12.923641090393067,-0.5472237872837762,75.0,12.391860287984212,-0.27358106125994786,75.0,,,,,,,11.839650942484537,-0.29463456748247263,75,12.412364972432455,-0.3686632277594388,75.0,12.918393249511718,-0.49148265351278897,75,12.391860287984212,-0.27358106125994786,75
YEM,6.026036353844046,-0.22025056872749071,449,7.010456682048025,-0.5449261806116454,449.0,6.837790637876515,-0.3748198446567712,449.0,5.884765027889183,-0.24030276515749893,448.0,5.734660264636789,-0.15521170429013598,448.0,7.2540926497869345,-0.6708960737471079,449,6.454726319005069,-0.27471493130335456,449.0,7.082046301699428,-0.6097354952907144,449,5.975255918396607,-0.12200969263955264,449
ZMB,13.17755700542719,-0.6808353195532044,241,10.311101311964613,-0.11333266271173836,241.0,11.565666321402269,-0.31202948214976667,241.0,,,,,,,13.364648338175414,-0.6700579875523984,241,13.062684268872273,-0.6408302473093386,241.0,13.386209153535455,-0.7091006499728498,241,12.556859835549508,-0.5210043875104697,241
