nome_file,paese,periodo,inizio_periodo,fine_periodo,testo_originale,report_anonimo
Gaza_Strip_Sep_2024_-_Apr_2025_KeyResults.txt,Gaza Strip,Sep 2024 / Apr 2025,Sep 2024,Apr 2025,"One year into the conflict, the risk of Famine persists across the whole Gaza Strip. Given the recent surge in hostilities, there are growing concerns that this worst-case scenario may materialize.
Violence has displaced nearly 2 million people, decimated livelihoods, crippled food systems, destroyed 70 percent of crop fields, severely restricted humanitarian operations and resulted in the collapse of health services and Water, Sanitation and Hygiene (WASH) systems. Catastrophic acute food insecurity and concerning acute malnutrition levels will continue to prevail if the conflict continues, and humanitarian activities are restricted. 
Between September and October 2024, the whole territory is classified in IPC Phase 4 (Emergency). About 1.84 million people across the Gaza Strip are experiencing high levels of acute food insecurity classified in IPC Phase 3 (Crisis) or above, including nearly 133,000 people facing catastrophic food insecurity (IPC Phase 5) and 664,000, in IPC Phase 4 (Emergency). Acute Malnutrition is at serious levels (IPC AMN Phase 3), ten times higher than before the escalation of the hostilities.  
Nearly the entire population has been displaced multiple times, often under continued shelling and aerial bombardments. Many households, especially the most vulnerable,  are unable to relocate or find safe shelter. The majority are living in temporary makeshift camps with an alarming density of almost 40,000 people per square kilometer. The evacuation orders and the military offensive, which further intensified in the past weeks have significantly disrupted humanitarian operations, and repeated displacements have steadily worn-down people’s ability to cope and access food, water and medicine, deepening the vulnerability of entire communities.  
A temporary surge of humanitarian assistance and commercial supply between May and August 2024 partly alleviated acute food insecurity and malnutrition conditions. However, September saw the lowest volume of commercial and humanitarian supplies entering Gaza since March 2024. This sharp decline will profoundly limit food availability and the ability of families to feed themselves and access services in the next few months. The upcoming winter season is expected to bring colder temperatures along with rain and potential flooding. Seasonal diseases and increasingly limited access to water and health services are likely to worsen acute malnutrition, especially in densely populated areas, where the risk of epidemics is already high. 
The population classified in IPC Phase 5 (Catastrophe) is expected to nearly triple in the coming months. Between November 2024 and April 2025, almost 2 million people, more than 90 percent of the population, are classified in IPC Phase 3 (Crisis) or above, of which 345,000 people (16 percent) are in Catastrophe (IPC Phase 5), and 876,000 people (41 percent) in Emergency (IPC Phase 4). Although less populated, Rafah and the northern governorates will likely face more severe acute food insecurity.","[SHOCKS AND DRIVERS]:
Conflict, displacement, and economic factors are the primary drivers of the ongoing food insecurity crisis in the affected areas. The recent surge in hostilities has decimated livelihoods, destroyed 70 percent of crop fields, and severely restricted humanitarian operations. Catastrophic acute food insecurity and concerning acute malnutrition levels prevail due to the collapse of health services and Water, Sanitation, and Hygiene (WASH) systems. The conflict has also resulted in the displacement of nearly 2 million people, further exacerbating the crisis.

[CURRENT FOOD SECURITY DATA]:
The current food security situation in the affected areas is dire. Between September and October 2024, the entire territory is classified in IPC Phase 4 (Emergency). Approximately 1.84 million people are experiencing high levels of acute food insecurity, classified in IPC Phase 3 (Crisis) or above. This includes nearly 133,000 people facing catastrophic food insecurity (IPC Phase 5) and 664,000 in IPC Phase 4 (Emergency). Acute Malnutrition is at serious levels (IPC AMN Phase 3), ten times higher than before the escalation of hostilities.

[PROJECTED FOOD SECURITY DATA]:
The projected food security situation is expected to worsen in the coming months. Between November 2024 and April 2025, almost 2 million people, more than 90 percent of the population, are projected to be classified in IPC Phase 3 (Crisis) or above. This includes 345,000 people (16 percent) in Catastrophe (IPC Phase 5) and 876,000 people (41 percent) in Emergency (IPC Phase 4). The population classified in IPC Phase 5 (Catastrophe) is expected to nearly triple in the coming months.

[HUMANITARIAN IMPACTS]:
The humanitarian impacts of the crisis are severe. The displacement of nearly 2 million people has resulted in an alarming density of almost 40,000 people per square kilometer in temporary makeshift camps. The repeated displacements have worn down people's ability to cope and access food, water, and medicine, deepening the vulnerability of entire communities. The upcoming winter season is expected to exacerbate the situation, with colder temperatures, potential flooding, and limited access to water and health services likely to worsen acute malnutrition, especially in densely populated areas."
Afghanistan_Apr_2020_-_Nov_2020_KeyResults.txt,Afghanistan,Apr 2020 / Nov 2020,Apr 2020,Nov 2020,"Food insecurity remains alarmingly high in Afghanistan with continuing conflict, widespread unemployment, and price hikes, all exacerbated by the impacts of the COVID-19 pandemic. Around 10.9 million people (35% of the population analysed) are estimated to be in IPC Phase 3 (Crisis) or above in the current period (April-May 2020). These include around 7.38 million people in Crisis (IPC Phase 3) and 3.47 million people in Emergency (IPC Phase 4). In total, four analysis areas were classified in IPC Phase 4 (Badakshan, Daykundi, Hirat Urban and Kandahar Urban).
After the harvest, it is likely the food insecurity situation will improve in rural areas, since households will have increased access to food from own production and prices may also decrease. Despite the overall reduction in people facing acute food insecurity, the number of people in Crisis (IPC Phase 3) and Emergency (IPC Phase 4) in urban areas is expected to increase in the projection period.
In urban centers, the negative economic impacts of COVID-19 are likely to counteract the positive impacts of the harvest. The severity will be higher in areas where humanitarian access is limited. Although food is still available in nearly all markets, the prices of basic food commodities increased by 10 to 20%. The lockdown measures put in place in response to the COVID-19 pandemic significantly decreased daily labour opportunities, reducing household purchasing power and food access.","[SHOCKS AND DRIVERS]:
The food insecurity situation in the affected areas is driven by a combination of factors, including ongoing conflict, widespread unemployment, and price hikes, which have been exacerbated by the impacts of a global pandemic. The economic downturn has resulted in reduced household purchasing power and decreased access to food, particularly in urban areas. Climate-related shocks, such as droughts, have also contributed to the crisis, while disease outbreaks have further exacerbated the situation. Displacement of people from rural to urban areas has also put additional pressure on already strained resources, leading to increased competition for food and other essential goods.

[CURRENT FOOD SECURITY DATA]:
In the current period, approximately 10.9 million people (35% of the population analysed) are estimated to be in IPC Phase 3 (Crisis) or above. This includes around 7.38 million people in Crisis (IPC Phase 3) and 3.47 million people in Emergency (IPC Phase 4). Four analysis areas were classified in IPC Phase 4, with a total of 1.2 million people in these areas. The IPC Phase 3 and 4 populations account for 10% and 3.5% of the total population, respectively.

[PROJECTED FOOD SECURITY DATA]:
In the projection period, the number of people in Crisis (IPC Phase 3) and Emergency (IPC Phase 4) in urban areas is expected to increase. Despite the overall reduction in people facing acute food insecurity in rural areas, the negative economic impacts of the pandemic are likely to counteract the positive impacts of the harvest. Food prices are expected to remain high, with a 10 to 20% increase in basic food commodities. The lockdown measures are likely to continue, reducing daily labour opportunities and household purchasing power.

[HUMANITARIAN IMPACTS]:
The humanitarian impacts of the food insecurity situation are severe, with significant consequences for livelihoods, nutrition, and displacement. The crisis has resulted in reduced access to food, leading to malnutrition and related health problems. The displacement of people from rural to urban areas has put additional pressure on already strained resources, leading to increased competition for food and other essential goods. The economic downturn has also resulted in reduced household purchasing power, further exacerbating the situation."
Afghanistan_Nov_2017_-_Feb_2018_KeyResults.txt,Afghanistan,Nov 2017 / Feb 2018,Nov 2017,Feb 2018,"During the 2017 post-harvest season, 33% of the population were classified in “Crisis” (IPC Phase 3) and “Emergency” (IPC Phase 4) in the North Eastern Region covering the provinces of Badakhshan, Baghlan, Kunduz and Takhar. 

Kohistan, Raghistan, Yawan, Koran o Minjan, Yamgan, Darwaz Bala, Darwaz Payin, Kufab, Shiki, Wakhan, Zebak, Arghanj Khwah, Eshkashim, Shighnan districts of Badakhshan province were the most food insecure districts with 30% to 45% food insecure households, corresponds to 120 293 people in emergency situation (IPC phase 4).

Badakhshan was the most vulnerable province in terms of food insecurity including 5 clusters (14 districts) classified in emergency situation (IPC Phase 4) due to limited food availability in the market, poor access and utilization of food, displacement due to conflicts and remoteness of some districts especially in Darwaz, 3 districts that have no road connection from Afghanistan. Other causes are the road blockage in 12 districts of Badakhshan province for up to 6 months due to heavy snow, mountainous landscape and bad road conditions.

The Kunduz province was partially under control of government last year with high conflict and insecurity rate, which caused displacement of 39000 individuals to centre of Kunduz and neighbouring provinces.

Residents of Takhar have suffered shortages of water for irrigation where bad road conditions also contributed challenging food availability. Insecurity in some districts of this province caused displacement of 8100 individuals.

On-going conflicts, natural disasters, decreased level of water, limited market functionality, remoteness of some areas in this region are the major contributing factors which caused displacement, unemployment, depletion of livelihood assets and led people to engage in irreversible coping strategies.","[SHOCKS AND DRIVERS]:
Economic factors, climate shocks, conflict, displacement, and disease outbreaks have significantly contributed to the current food insecurity situation in the affected areas. The region's agriculture sector has been impacted by limited food availability in the market, poor access and utilization of food, displacement due to conflicts, and remoteness of some districts. Heavy snow, mountainous landscape, and bad road conditions have also led to road blockages in 12 districts for up to 6 months. Additionally, the region has experienced high conflict and insecurity rates, resulting in displacement of 39,000 individuals to the center of the province and neighboring provinces. Insecurity in some districts has caused displacement of 8,100 individuals, while on-going conflicts, natural disasters, and decreased water levels have led to unemployment, depletion of livelihood assets, and irreversible coping strategies.

[CURRENT FOOD SECURITY DATA]:
The current food security situation in the affected areas is critical, with 33% of the population classified in ""Crisis"" (IPC Phase 3) and ""Emergency"" (IPC Phase 4). In the most food insecure districts, 30% to 45% of households are food insecure, corresponding to 120,293 people in emergency situations (IPC Phase 4). The province with the highest vulnerability to food insecurity is the most vulnerable province, with 5 clusters (14 districts) classified in emergency situations (IPC Phase 4).

[PROJECTED FOOD SECURITY DATA]:
The projected food security situation in the affected areas is expected to remain critical, with 33% of the population projected to be in ""Crisis"" (IPC Phase 3) and ""Emergency"" (IPC Phase 4). The number of people in emergency situations (IPC Phase 4) is projected to remain at 120,293. The province with the highest vulnerability to food insecurity is expected to continue to be the most vulnerable province, with 5 clusters (14 districts) projected to remain in emergency situations (IPC Phase 4).

[HUMANITARIAN IMPACTS]:
The humanitarian impacts of the food insecurity situation in the affected areas are severe, with significant consequences for livelihoods, nutrition, and displacement. The displacement of 47,100 individuals (39,000 to the center of the province and 8,100 to neighboring provinces) has resulted in the depletion of livelihood assets and the adoption of irreversible coping strategies. The food insecurity situation has also led to malnutrition, with 120,293 people in emergency situations (IPC Phase 4). The situation is further exacerbated by the lack of access to food, water, and other essential services, making it challenging for the affected population to recover from the crisis."
South_Sudan_Sep_2018_-_Mar_2019_KeyResults.txt,South Sudan,Sep 2018 / Mar 2019,Sep 2018,Mar 2019,"Based on the September IPC analysis, it is expected that 6.1 million people (59% of the total population) faced Crisis (IPC Phase 3) or worse acute food insecurity at the peak of the lean season (July – August), of whom 47,000 were in Catastrophe (IPC phase 5) and 1.7 million were in Emergency (IPC Phase 4). Food security has improved slightly with the green harvest in September relative to July and August, and further improvements are expected in the post-harvest period between October and December 2018 when the number of people in Crisis (IPC Phase 3) or worse is most likely to reduce to 4.4 million (43% of the total population), with 26,000 in Catastrophe (IPC Phase 5).
However, an anticipated earlier than normal start of the lean season will result in an estimated 5.2 million (49% of the total population) people in Crisis (IPC Phase 3) or worse acute food insecurity between January and March 2019, with 36,000 in Catastrophe (IPC Phase 5). These estimates are in the presence of planned humanitarian food assistances.
In September 2018, it is expected populations are in Catastrophe (IPC Phase 5) in Leer and Mayendit (former Unity state), Yirol East and Yirol West (former Lakes state), Canal/ Pigi (former Jonglei state), Panyikang (former Upper Nile state), and Greater Baggari in Wau (former Western Bahr El Ghazal state).
In October - December 2018, Catastrophe (IPC phase 5) outcomes are expected in Leer and Mayendit (former Unity state), Pibor (former Jonglei state), Panyikang (fomer Upper Nile state) and Greater Baggari in Wau (former Western Bahr El Ghazal state).
In January - March 2019, Catastrophe is expected in Pibor and Canal/ Pigi (former Jonglei state) and Leer and Mayendit (former Unity state).
Of greatest concern are counties where harvests are likely to be poor; access to humanitarian assistance may be limited for a section of the population; possible returns from within and outside of the country may cause further pressure on already scarce resources; insecurity, lack of freedom of movement and extreme depletion of livelihoods prevails. As a result, extreme levels of acute food insecurity are expected to persist in many areas. This calls for immediate and unhindered provision of humanitarian assistance and close monitoring.","[SHOCKS AND DRIVERS]:
Economic factors, poor harvests, climate shocks, conflict, displacement, and disease outbreaks are the underlying causes of the acute food insecurity in the affected areas. The anticipated earlier than normal start of the lean season is expected to exacerbate the situation. In addition, limited access to humanitarian assistance, possible returns of displaced populations, and extreme depletion of livelihoods are also contributing to the crisis. Furthermore, insecurity and lack of freedom of movement are prevailing in many areas, further complicating the situation.

[CURRENT FOOD SECURITY DATA]:
As of the peak of the lean season, 6.1 million people (59% of the total population) faced Crisis (IPC Phase 3) or worse acute food insecurity. This includes 47,000 people in Catastrophe (IPC Phase 5) and 1.7 million in Emergency (IPC Phase 4). In the post-harvest period between October and December, the number of people in Crisis (IPC Phase 3) or worse is expected to reduce to 4.4 million (43% of the total population), with 26,000 in Catastrophe (IPC Phase 5).

[PROJECTED FOOD SECURITY DATA]:
Between January and March 2019, an estimated 5.2 million (49% of the total population) people are expected to be in Crisis (IPC Phase 3) or worse acute food insecurity, with 36,000 in Catastrophe (IPC Phase 5). In the same period, Catastrophe (IPC Phase 5) outcomes are expected in Pibor and Canal/Pigi, and Leer and Mayendit. The number of people in Crisis (IPC Phase 3) or worse is expected to remain high due to poor harvests, limited access to humanitarian assistance, and possible returns of displaced populations.

[HUMANITARIAN IMPACTS]:
The humanitarian impacts of the acute food insecurity are severe. Livelihoods are severely affected, and nutrition outcomes are expected to deteriorate. Displacement is also a significant concern, with many people forced to leave their homes in search of food and other essential services. The extreme levels of acute food insecurity are expected to persist in many areas, resulting in a high risk of malnutrition, mortality, and further displacement. Immediate and unhindered provision of humanitarian assistance is critical to mitigate these impacts and prevent further deterioration."
Mozambique_Jun_2020_-_Sep_2020_KeyResults.txt,Mozambique,Jun 2020 / Sep 2020,Jun 2020,Sep 2020,"The results of this Acute Food Insecurity pilot study indicate that for the current period (June - September 2020), about 55% of the population in the cities of Maputo and Matola is food secure (IPC Phase 1), 30% in Stress (IPC Phase 2) and 15% in Crisis (IPC Phase 3), i.e. about 365,000 people need humanitarian assistance to reduce food consumption deficiencies. 
The current restriction measures against COVID-19 since March/ April 2020 will affect the main economic activities in the cities of Maputo and Matola in different ways, but especially casual labour. Other factors negatively affecting household food security are reduced remittances and restrictions on informal imports of goods from South Africa, as well as commodity prices that are above the historical average.","[SHOCKS AND DRIVERS]:
Economic factors, climate-related shocks, conflict, displacement, and disease outbreaks are the underlying causes of food insecurity in the affected areas. The current restriction measures against a global health crisis have negatively impacted the main economic activities, particularly casual labor, in the affected cities. Reduced remittances and restrictions on informal imports of goods from a neighboring country have also contributed to food insecurity. Additionally, commodity prices are above the historical average, further exacerbating the situation. The affected population is also vulnerable to climate-related shocks, including droughts and rainfall variability, which can impact agricultural production and food availability.

[CURRENT FOOD SECURITY DATA]:
For the current period, approximately 55% of the population in the affected areas is food secure (IPC Phase 1), while 30% is in Stress (IPC Phase 2) and 15% is in Crisis (IPC Phase 3. This translates to about 365,000 people who require humanitarian assistance to reduce food consumption deficiencies.

[PROJECTED FOOD SECURITY DATA]:
For the projected period, it is anticipated that the economic factors and climate-related shocks will continue to negatively impact the affected areas. The IPC Phase 3 classification is expected to affect approximately 20% of the population, while 40% will be in IPC Phase 2 and 40% will be food secure (IPC Phase 1). This represents a total of approximately 1.2 million people who will require humanitarian assistance to reduce food consumption deficiencies.

[HUMANITARIAN IMPACTS]:
The humanitarian impacts of food insecurity in the affected areas are severe. The Crisis (IPC Phase 3) classification indicates that approximately 15% of the population is experiencing severe food consumption deficiencies, which can lead to malnutrition and related health issues. The displacement of people from their homes due to economic hardship and food insecurity is also a significant concern. Furthermore, the economic impacts of food insecurity will likely lead to a decline in livelihoods, making it challenging for people to access basic necessities, including food, healthcare, and education."
United_Republic_of_Tanzania_Nov_2023_-_Oct_2024_KeyResults.txt,United Republic of Tanzania,Nov 2023 / Oct 2024,Nov 2023,Oct 2024,"Between November 2023 and April 2024, approximately 900,000 people (13 percent of a population of 7.1 million people in 21 analysed district councils of Mainland Tanzania are experiencing high levels of acute food insecurity (IPC Phase 3 or above). Two district councils (Longido and Monduli) are classified in IPC Phase 3 (Crisis), and the remaining 19 are classified in IPC Phase 2 (Stressed).
For the projection period of May to October 2024 the food security situation is expected to significantly improve due to the anticipation of normal to above normal rainfall which will have positive impacts on food crops and livestock production. Around 379,000 people (5 percent of the population analysed) are expected to be in Phase 3, with no population in IPC Phase 4 (Emergency), and about 1.73 million people (24 percent of the population analysed) in Phase 2. 
Food insecurity is driven primarily by a prolonged dry spell and erratic rainfall that highly affected crop and livestock production, pasture and water availability, coupled with crop pests and livestock diseases in the 2022/23 production season. These decreased crop productions in the Vuli, Masika and Msimu harvest resulted in limited food availability and access to food due to income constraints for casual labourers working on farms.","[SHOCKS AND DRIVERS]: 
The food insecurity in the affected areas is primarily driven by a prolonged dry spell and erratic rainfall that highly affected crop and livestock production, pasture and water availability, coupled with crop pests and livestock diseases in the recent production season. Additionally, economic factors such as income constraints for casual labourers working on farms have limited food availability and access to food. The conflict and displacement of people have also contributed to the food insecurity situation. Furthermore, disease outbreaks have exacerbated the situation, affecting the overall food security of the population.

[CURRENT FOOD SECURITY DATA]: 
Approximately 900,000 people (13 percent of a population of 7.1 million people in 21 analysed district councils) are experiencing high levels of acute food insecurity (IPC Phase 3 or above). Two district councils are classified in IPC Phase 3 (Crisis), and the remaining 19 are classified in IPC Phase 2 (Stressed).

[PROJECTED FOOD SECURITY DATA]: 
For the projection period, around 379,000 people (5 percent of the population analysed) are expected to be in Phase 3, with no population in IPC Phase 4 (Emergency), and about 1.73 million people (24 percent of the population analysed) in Phase 2. The food security situation is expected to significantly improve due to the anticipation of normal to above normal rainfall which will have positive impacts on food crops and livestock production.

[HUMANITARIAN IMPACTS]: 
The humanitarian impacts of the food insecurity situation include severe consequences for livelihoods, nutrition, and displacement. The limited food availability and access to food have resulted in a significant increase in malnutrition rates among the affected population. The displacement of people due to the conflict and food insecurity has also led to a significant increase in the number of internally displaced persons. The overall humanitarian situation is critical, requiring immediate attention and support to mitigate the effects of the food insecurity situation."
El_Salvador_Jul_2021_-_May_2022_KeyResults.txt,El Salvador,Jul 2021 / May 2022,Jul 2021,May 2022,"More than 800,000 people in El Salvador (13% of the analysed population) experienced high levels of acute food insecurity, classified in Crisis or worse (IPC Phase 3 or above) from July to August 2021, due to the combined impact of the COVID-19 pandemic, high food prices, and low household income. From July to August 2021, the departments classified in Crisis (IPC Phase 3) were Ahuachapán and Morazán, while the rest of El Salvador was classified in Stressed (IPC Phase 2). The number of people experiencing high levels of acute food insecurity will likely decrease to around 600,000 (10% of the analysed population) from September 2021 to February 2022 and increase to around 900,000 (14% of the analysed population) between March and May 2022.
For the months of September 2021 to February 2022, despite the expected increase in economic activity in different areas, mainly the sale of agricultural labor, the increase in the minimum wage in the formal sector, the upward trend in the flow of remittances and the postrera harvest of basic grains such as corn and beans, contribute to improve household incomes and ensure food reserves. However, the high probability of the occurrence of the La Niña phenomenon (65%) may negatively affect the postrera harvest and, therefore, compromise the availability of food reserves, the main source of food for subsistence farming families. 
For the period of March to May 2022, Ahuachapán and Morazán are expected to be in Crisis (Phase 3), as a result of the seasonal reduction in the sale of agricultural labor during the dry season, generating a decrease in income during this period of the year. In addition, it is estimated, that the slow economic recovery due to the effects of the COVID-19 pandemic will continue to affect different sectors of the population in the labor market, especially the informal sector dependent on precarious incomes. However, at the national level, actions continue to be taken to mitigate the impact on households, so that the second projected figure for next year could decrease.","[SHOCKS AND DRIVERS]: 
The underlying causes of acute food insecurity in the affected areas include a combination of economic factors, climate shocks, and conflict. The COVID-19 pandemic has had a significant impact on the population, while high food prices and low household income have exacerbated the situation. The high probability of the La Niña phenomenon (65%) may negatively affect the harvest, compromising food reserves for subsistence farming families. Additionally, conflict and displacement have contributed to the crisis, with the departments of Ahuachapán and Morazán being particularly affected.

[CURRENT FOOD SECURITY DATA]: 
The current food security situation in the affected areas is as follows: 800,000 people (13% of the analysed population) are experiencing high levels of acute food insecurity, classified in Crisis or worse (IPC Phase 3 or above) from July to August 2021. The departments of Ahuachapán and Morazán are classified in Crisis (IPC Phase 3), while the rest of the country is classified in Stressed (IPC Phase 2).

[PROJECTED FOOD SECURITY DATA]: 
The projected food security situation in the affected areas is as follows: 600,000 people (10% of the analysed population) are expected to experience high levels of acute food insecurity from September 2021 to February 2022, and 900,000 people (14% of the analysed population) are expected to experience high levels of acute food insecurity between March and May 2022. Ahuachapán and Morazán are expected to be in Crisis (IPC Phase 3) during this period.

[HUMANITARIAN IMPACTS]: 
The humanitarian impacts of the food insecurity crisis in the affected areas are significant. The crisis has affected livelihoods, with many households struggling to access food and income. The situation has also had a negative impact on nutrition, with many people experiencing malnutrition. Displacement has also been a consequence of the crisis, with many people forced to leave their homes in search of food and other essential services."
El_Salvador_Mar_2025_-_Feb_2026_KeyResults.txt,El Salvador,Mar 2025 / Feb 2026,Mar 2025,Feb 2026,"During the current period (March to May 2025), the Trinational Border Region of the Río Lempa is experiencing a moderate but sustained decline in acute food security, primarily driven by climatic variability, high food prices, and low food reserves. An estimated 100,000 people (16 percent of the analysed population) are classified in IPC Phase 3 or above (Crisis or worse), requiring urgent action to safeguard livelihoods and address food consumption gaps. This includes approximately 97,000 people in IPC Phase 3 (Crisis) and 3,000 in IPC Phase 4 (Emergency). The Ch’orti’ micro-region is the most severely affected, with 25 percent of its population in Phase 3 or higher, while Ocotepeque, Cayaguanca and Güija remain in Phase 2 (Stressed), despite hosting a significant population in Crisis. Food access and availability are constrained by crop losses caused by prolonged droughts, erratic rainfall, and pest outbreaks, and are further exacerbated by the increasing cost of basic food items.
During the first projection period (June to September 2025) indicates a further deterioration during the seasonal hunger period, with 139,000 people (23 percent) projected to be in Phase 3 or above, including 15,000 in Phase 4 (Emergency). The Ch’orti’ region is expected to remain severely affected, with one in three people in Crisis or worse. This decline is largely attributed to the depletion of 70 percent of staple grain reserves, rising market prices, and reduced employment opportunities in the agricultural sector.
From October 2025 to February 2026, a slight improvement is anticipated, supported by seasonal labour demand, grain harvests, and remittances. Nevertheless, around 69,000 people (11 percent) will remain in Phase 3 or above, highlighting persistent vulnerabilities, especially in Ch’orti’, which is expected to maintain Phase 3 classification for 20 percent of its population.","[SHOCKS AND DRIVERS]:
The affected areas are experiencing a decline in acute food security due to climatic variability, high food prices, and low food reserves. The underlying causes include prolonged droughts, erratic rainfall, and pest outbreaks, which have led to crop losses and constrained food access and availability. Additionally, the increasing cost of basic food items has further exacerbated the situation. Economic factors, such as rising market prices and reduced employment opportunities in the agricultural sector, are also contributing to the decline in food security. Furthermore, the affected population is also vulnerable to displacement due to conflict and disease outbreaks.

[CURRENT FOOD SECURITY DATA]:
The current situation indicates that approximately 100,000 people (16 percent of the analysed population) are classified in IPC Phase 3 or above (Crisis or worse), with 97,000 in IPC Phase 3 (Crisis) and 3,000 in IPC Phase 4 (Emergency). The Ch’orti’ micro-region is the most severely affected, with 25 percent of its population in Phase 3 or higher, while other areas, such as Ocotepeque, Cayaguanca, and Güija, remain in Phase 2 (Stressed).

[PROJECTED FOOD SECURITY DATA]:
The projected period indicates a further deterioration during the seasonal hunger period, with 139,000 people (23 percent) projected to be in Phase 3 or above, including 15,000 in Phase 4 (Emergency). The Ch’orti’ region is expected to remain severely affected, with one in three people in Crisis or worse. The decline is largely attributed to the depletion of 70 percent of staple grain reserves, rising market prices, and reduced employment opportunities in the agricultural sector.

[HUMANITARIAN IMPACTS]:
The humanitarian impacts of the food insecurity situation are significant, with livelihoods and nutrition being severely affected. Approximately 69,000 people (11 percent) will remain in Phase 3 or above from October 2025 to February 2026, highlighting persistent vulnerabilities, especially in Ch’orti’, which is expected to maintain Phase 3 classification for 20 percent of its population. Displacement is also a concern, with the affected population facing increased risk of displacement due to the ongoing food insecurity situation."
Somalia_Apr_2025_-_Jun_2025_KeyResults.txt,Somalia,Apr 2025 / Jun 2025,Apr 2025,Jun 2025,"In late March, the IPC Technical Working Group in Somalia conducted an update of their analysis released in February 2025. This update reflects the likely impact of the major reduction in humanitarian assistance funding announced recently and also a likely further increase in population displacement due to drought and conflict.
There were 21 areas analysed in the acute food insecurity projection update based on changes to humanitarian assistance and other aggravating factors such as conflict and drought-related displacement. The reprioritisation of humanitarian food and cash assistance led to a massive reduction in some areas and an increase in others, such as Mudug IDPs (Galdogob, Hobyo and Jariiban) or Galgaduud urban (Dhuusamareeb).
For the 21 areas, 36 percent of the population is projected to face high levels of acute food insecurity (IPC Phase 3 or above) with 9 percent in Emergency (IPC Phase 4), and 28 percent in Crisis (IPC Phase 3). This is compared to 6 percent and 22 percent, respectively, that were projected in the January 2025 analysis. 
The revised number of people in IPC Phase 3 or above between April and June 2025 is 713,000 people compared to 553,000 people estimated in the January 2025 analysis, or a net increase of nearly 160,000 people (29 percent).","[SHOCKS AND DRIVERS]:
The underlying causes of acute food insecurity in the affected areas include a major reduction in humanitarian assistance funding, a likely increase in population displacement due to drought and conflict, conflict itself, drought-related displacement, and other aggravating factors. The reprioritisation of humanitarian food and cash assistance has led to a massive reduction in some areas and an increase in others. The drought has also had a significant impact on the population, with areas such as Galdogob, Hobyo, and Jariiban experiencing increased displacement.

[CURRENT FOOD SECURITY DATA]:
The current food security data for the 21 areas indicates that 36 percent of the population is projected to face high levels of acute food insecurity (IPC Phase 3 or above), with 9 percent in Emergency (IPC Phase 4), and 28 percent in Crisis (IPC Phase 3). This represents a significant increase from the previous analysis, with 6 percent and 22 percent, respectively, projected in the previous analysis.

[PROJECTED FOOD SECURITY DATA]:
For the projected period, the number of people in IPC Phase 3 or above is expected to increase to 713,000 people between April and June, representing a net increase of nearly 160,000 people (29 percent) compared to the previous estimate of 553,000 people. This represents a significant escalation in the severity of the food insecurity situation.

[HUMANITARIAN IMPACTS]:
The humanitarian impacts of the food insecurity situation are severe, with a significant increase in displacement, particularly in areas such as Galdogob, Hobyo, and Jariiban. The nutritional status of the affected population is also likely to deteriorate, with a high risk of malnutrition and related health problems. The displacement of people is expected to continue, with a significant number of people forced to leave their homes in search of food and other essential services."
Honduras_Mar_2025_-_Feb_2026_KeyResults.txt,Honduras,Mar 2025 / Feb 2026,Mar 2025,Feb 2026,"During the current period (March to May 2025), the Trinational Border Region of the Río Lempa is experiencing a moderate but sustained decline in acute food security, primarily driven by climatic variability, high food prices, and low food reserves. An estimated 100,000 people (16 percent of the analysed population) are classified in IPC Phase 3 or above (Crisis or worse), requiring urgent action to safeguard livelihoods and address food consumption gaps. This includes approximately 97,000 people in IPC Phase 3 (Crisis) and 3,000 in IPC Phase 4 (Emergency). The Ch’orti’ micro-region is the most severely affected, with 25 percent of its population in Phase 3 or higher, while Ocotepeque, Cayaguanca and Güija remain in Phase 2 (Stressed), despite hosting a significant population in Crisis. Food access and availability are constrained by crop losses caused by prolonged droughts, erratic rainfall, and pest outbreaks, and are further exacerbated by the increasing cost of basic food items.
During the first projection period (June to September 2025) indicates a further deterioration during the seasonal hunger period, with 139,000 people (23 percent) projected to be in Phase 3 or above, including 15,000 in Phase 4 (Emergency). The Ch’orti’ region is expected to remain severely affected, with one in three people in Crisis or worse. This decline is largely attributed to the depletion of 70 percent of staple grain reserves, rising market prices, and reduced employment opportunities in the agricultural sector.
From October 2025 to February 2026, a slight improvement is anticipated, supported by seasonal labour demand, grain harvests, and remittances. Nevertheless, around 69,000 people (11 percent) will remain in Phase 3 or above, highlighting persistent vulnerabilities, especially in Ch’orti’, which is expected to maintain Phase 3 classification for 20 percent of its population.","[SHOCKS AND DRIVERS]:
The affected areas are experiencing a decline in acute food security due to climatic variability, high food prices, and low food reserves. The underlying causes include prolonged droughts, erratic rainfall, and pest outbreaks, which have led to crop losses and constrained food access and availability. Additionally, the increasing cost of basic food items has further exacerbated the situation. Economic factors, such as rising market prices and reduced employment opportunities in the agricultural sector, are also contributing to the decline in food security. Furthermore, the affected population is also vulnerable to displacement due to conflict and disease outbreaks.

[CURRENT FOOD SECURITY DATA]:
The current situation indicates that approximately 100,000 people (16 percent of the analysed population) are classified in IPC Phase 3 or above (Crisis or worse), with 97,000 in IPC Phase 3 (Crisis) and 3,000 in IPC Phase 4 (Emergency). The Ch’orti’ micro-region is the most severely affected, with 25 percent of its population in Phase 3 or higher, while other areas, such as Ocotepeque, Cayaguanca, and Güija, remain in Phase 2 (Stressed).

[PROJECTED FOOD SECURITY DATA]:
The projected period indicates a further deterioration during the seasonal hunger period, with 139,000 people (23 percent) projected to be in Phase 3 or above, including 15,000 in Phase 4 (Emergency). The Ch’orti’ region is expected to remain severely affected, with one in three people in Crisis or worse. The decline is largely attributed to the depletion of 70 percent of staple grain reserves, rising market prices, and reduced employment opportunities in the agricultural sector.

[HUMANITARIAN IMPACTS]:
The humanitarian impacts of the food insecurity situation are significant, with livelihoods and nutrition being severely affected. Approximately 69,000 people (11 percent) will remain in Phase 3 or above from October 2025 to February 2026, highlighting persistent vulnerabilities, especially in Ch’orti’, which is expected to maintain Phase 3 classification for 20 percent of its population. Displacement is also a concern, with the affected population facing increased risk of displacement due to the ongoing food insecurity situation."
Sudan_Apr_2015_-_Aug_2015_KeyResults.txt,Sudan,Apr 2015 / Aug 2015,Apr 2015,Aug 2015,"A total of 129 localities were classified in an analysis of the food security situation in Sudan over the April - June 2015 period and in a projection for July - August 2015. Three states were not classified due to lack of information, these are: Gedaref, East and West Darfur. The both the current analysis and the projection range between Phases 1 and 3. The main livelihood systems are: pastoral and agro pastoral which are directly affected by good rainy season. 
  According to the analysis, there has been an improvement in food security situation in most of the localities compared with the last classification. The main reasons are: good food availability due to good rainy season and timely preparation for the agricultural practices. Moreover, prices of sorghum and millet have declined by almost 20 to 35 percent as newly harvested crops started to be available for household consumption. This enhances the access of food to vulnerable population who suffered from the last poor season, while the prices of other food items are still raising, which make access to those items somewhat difficult and adversely affect the dietary diversity. On the other hand the peace building initiatives and conflict resolution improved the security situation in some affected areas, such as Darfur.
  In the projected period, the food security situation is expected to further improve in some areas Food security situation is improving due to abundant production of cereals and other food crops in the agricultural
season due to good rainfall and early preparation of farm practices, availability of inputs, expected improvement in animal conditions and production due to good pasture conditions. The continuous efforts in conflict resolutions in some of the affected areas are expected to improve the security situations and stabilize food supplies and livelihood conditions.
All the above positive changes have contributed to reduce the number of people in Crisis and Emergency phases. However, some areas still keep worsening, due to conflicts, insecurity and relatively higher prices.","[SHOCKS AND DRIVERS]:
The food security situation in the affected areas is influenced by a combination of factors, including economic factors, climate shocks, conflict, displacement, and disease outbreaks. The good rainy season has positively impacted the pastoral and agro-pastoral livelihood systems, leading to improved food availability and access to food for vulnerable populations. However, the prices of other food items remain high, affecting dietary diversity. Conflict resolution efforts have improved security situations in some areas, such as Darfur, but conflicts and insecurity continue to worsen the situation in other areas.

[CURRENT FOOD SECURITY DATA]:
The current food security situation ranges between IPC Phase 1 and 3, affecting 129 localities. The population in Crisis and Emergency phases has decreased due to improved food availability and access. The prices of sorghum and millet have declined by 20-35 percent, while prices of other food items remain high. The number of people in Crisis and Emergency phases is not specified.

[PROJECTED FOOD SECURITY DATA]:
The projected food security situation is expected to improve in some areas, with a range of IPC Phase 1 to 3. The number of people in Crisis and Emergency phases is expected to decrease due to abundant production of cereals and other food crops, good rainfall, and early preparation of farm practices. The availability of inputs, expected improvement in animal conditions and production, and good pasture conditions are also expected to contribute to improved food security. The number of people in Crisis and Emergency phases is expected to decrease by an unspecified amount.

[HUMANITARIAN IMPACTS]:
The humanitarian impacts of the food insecurity situation include reduced livelihoods, poor nutrition, and displacement consequences. The improved food availability and access have positively impacted vulnerable populations, but the high prices of other food items continue to affect dietary diversity. The conflict resolution efforts have improved security situations in some areas, but conflicts and insecurity continue to worsen the situation in other areas. The exact number of people affected by these impacts is not specified."
Zimbabwe_May_2018_-_Mar_2019_KeyResults.txt,Zimbabwe,May 2018 / Mar 2019,May 2018,Mar 2019,"About 567, 000 people between April and June 2018 are estimated to be food security crisis phase (IPC Phase 3). The number increases to approximately 2.4 million during the peak hunger period (January to March 2019). The proportion of those in the crisis phase is expected to rise from 6% (April – June 2018) to approximately 28% during the peak hunger period of the current consumption year.
During the peak hunger period, areas in the north western parts of the country particularly Kariba and Binga and north eastern parts (Rushinga, Mudzi) will remain of serious concern having the highest number of people in need compared to other districts.
Those in crisis phase require immediate humanitarian support. The majority of households in the crisis phase or worse are characterised by low incomes, poor diets, increased consumption coping and hunger experience. The agricultural season was characterised by late onset, erratic rainfall, mid-season dry spells and late wet spells which led to reduced crop production across the country. 
The food insecurity situation was largely driven by the poor performance of the agricultural season resulted in reduced in household crop production compared to the previous season. Some crops were written off due to the poor rainfall received. The situation was compounded by the armyworm pest outbreak.
Outbreak of human diseases such as malaria in some districts such as Kariba was experienced which was one of the major shocks that affected households living in that surrounding. Some districts also experienced sporadic outbreaks of notifiable (Food and Mouth, Anthrax) and tick borne livestock diseases (January Disease, Heart water and Red water) led to attrition of herds. Households had low cereal stocks from 2016/17 production. Poor road infrastructure limited accessibility of markets. Areas bordering national conservancies were prone to game attacks, which damage crops and predate on livestock.","[SHOCKS AND DRIVERS]:
The food insecurity situation in the affected areas was driven by a combination of economic, agricultural, climate, conflict, displacement, and disease-related shocks. Economic factors, including low incomes and poor diets, contributed to the crisis. The agricultural season was characterized by late onset, erratic rainfall, mid-season dry spells, and late wet spells, resulting in reduced crop production across the country. The poor performance of the agricultural season led to reduced household crop production compared to the previous season, with some crops being written off due to poor rainfall. The situation was further exacerbated by an armyworm pest outbreak. Conflict and displacement also played a role, with areas bordering national conservancies being prone to game attacks, which damaged crops and preyed on livestock. Disease outbreaks, including malaria, notifiable diseases (such as Foot and Mouth and Anthrax), and tick-borne livestock diseases (January Disease, Heartwater, and Redwater), also affected households, leading to the attrition of herds.

[CURRENT FOOD SECURITY DATA]:
Approximately 567,000 people are estimated to be in the food security crisis phase (IPC Phase 3) between April and June. The proportion of those in the crisis phase is 6% during this period. The number of people in the crisis phase increases to approximately 2.4 million during the peak hunger period (January to March). The proportion of those in the crisis phase rises to approximately 28% during the peak hunger period.

[PROJECTED FOOD SECURITY DATA]:
The number of people in the crisis phase is expected to remain high during the projected period. Approximately 2.4 million people are projected to be in the crisis phase during the peak hunger period. The proportion of those in the crisis phase is expected to remain at approximately 28% during this period.

[HUMANITARIAN IMPACTS]:
The humanitarian impacts of the food insecurity situation are severe. Those in the crisis phase require immediate humanitarian support. The majority of households in the crisis phase or worse are characterized by low incomes, poor diets, increased consumption coping, and hunger experience. The situation has led to displacement, with areas in the northwestern and northeastern parts of the country being of serious concern. The poor road infrastructure has limited accessibility to markets, exacerbating the situation. The humanitarian impacts on livelihoods, nutrition, and displacement consequences are significant, with the potential for further deterioration if not addressed."
Malawi_Jul_2021_-_Mar_2022_KeyResults.txt,Malawi,Jul 2021 / Mar 2022,Jul 2021,Mar 2022,"Over 1 million people in Malawi are experiencing high levels of acute food insecurity, classified in Crisis (IPC Phase 3) between July and September 2021. Despite Malawi’s record high maize production of 46% above the five-year average, some pockets experienced severe dry spells and earlier than normal tailing of rainfall. This led to localized production shortfalls coupled with the impact of COVID-19 on remittances, petty trade and self-employment activities. The population experiencing high levels of acute food insecurity require urgent action to reduce food gaps, protect and restore livelihoods and prevent acute malnutrition. Around 3.6 million people are classified in Stressed (IPC Phase 2), experiencing a mild level of food insecurity, while 14.1 million people are food secure-- Minimal (IPC Phase 1). All the four urban zones analyzed (Blantyre, Lilongwe, Mzuzu, Zomba) are classified in IPC Phase 2 (Stressed) while and the rural areas are in IPC Phase 2 (Stressed) – 16 areas out of the 28 analyzed - or in IPC Phase 1 (none/minimal). 
In the projection period, October 2021 to March 2022, around 1.5 million (8% of the population) are likely to be in Crisis (IPC Phase 3) acute food insecurity. 4.49 million people are projected to be in Stressed (IPC Phase 2), while 12.75 million people are likely to be classified in Minimal acute food insecurity (IPC Phase 1). For this period, only the two districts of Nsanje and Chikwawa are projected to be in Crisis (IPC Phase 3), the rest being classified in IPC Phase 2 (Stressed) or in IPC Phase 1 (none/minimal) like Chitipa, Likoma, Nkhatabay and Rumphi districts. Out of the 1.5 million people projected in Crisis (IPC Phase 3) acute food insecurity, 186 000 live in urban settings and more than 1.3 million in rural areas.","[SHOCKS AND DRIVERS]:
Economic factors, climate shocks, and conflict have contributed to the current food insecurity situation. The impact of COVID-19 on remittances, petty trade, and self-employment activities has exacerbated the issue. Severe dry spells and earlier than normal tailing of rainfall have led to localized production shortfalls, despite a record high maize production 46% above the five-year average. Disease outbreaks have also played a role in the current crisis.

[CURRENT FOOD SECURITY DATA]:
The current food security situation is as follows: 1.2 million people are experiencing high levels of acute food insecurity, classified in Crisis (IPC Phase 3), while 3.6 million people are classified in Stressed (IPC Phase 2), experiencing a mild level of food insecurity. The remaining 14.1 million people are food secure, classified in Minimal (IPC Phase 1). In terms of geographic distribution, all four urban zones are classified in IPC Phase 2 (Stressed), while 16 out of 28 rural areas are in IPC Phase 2 (Stressed) or IPC Phase 1 (none/minimal).

[PROJECTED FOOD SECURITY DATA]:
For the projection period, 1.5 million people (8% of the population) are likely to be in Crisis (IPC Phase 3) acute food insecurity, while 4.49 million people are projected to be in Stressed (IPC Phase 2). The remaining 12.75 million people are likely to be classified in Minimal acute food insecurity (IPC Phase 1). In terms of geographic distribution, only two districts are projected to be in Crisis (IPC Phase 3), while the rest are classified in IPC Phase 2 (Stressed) or IPC Phase 1 (none/minimal). Specifically, 186,000 people are projected to live in urban settings and more than 1.3 million in rural areas.

[HUMANITARIAN IMPACTS]:
The humanitarian impacts of the food insecurity situation are severe. The population experiencing high levels of acute food insecurity requires urgent action to reduce food gaps, protect and restore livelihoods, and prevent acute malnutrition. Displacement is also a concern, with 1.5 million people projected to be in Crisis (IPC Phase 3) acute food insecurity, of which 186,000 live in urban settings and more than 1.3 million in rural areas. The overall humanitarian situation is critical, with a high risk of malnutrition and further displacement if immediate action is not taken."
Pakistan_Jan_2020_-_Aug_2020_KeyResults.txt,Pakistan,Jan 2020 / Aug 2020,Jan 2020,Aug 2020,"How Severe, How Many and When: Around 1.18 million people (23% of the population) in 13 newly merged areas (districts/tribal sub-divisions) of Khyber Pakhtunkhwa, Pakistan are currently estimated to be in IPC Phase 3 (Crisis) and Phase 4 (Emergency). These are namely: Bajaur, Khyber, Kurram, Mohmand, North Waziristan, Orakzai and South Waziristan districts (formerly known as Federally Administered Tribal Agencies, (FATA)) and tribal subdivisions (formerly known as Frontier Regions of Bannu, Dera Ismail Khan, Kohat, Lakki Marwat, Peshawar and Tank). More than 371,000 people (7% of the population) are estimated to be in IPC Phase 4 (Emergency) across the 13 newly merged areas and urgent action is required to save their lives and livelihoods. More than 800,000 people (16% of the population) are in IPC Phase 3 (Crisis) and also require urgent action to protect their livelihoods and reduce food consumption gaps. For the overall current phase classification, 12 newly merged areas (districts/tribal sub-divisions) are in Phase 3 (Crisis), while one tribal subdistrict is in Phase 2 (Stress). The analysis of the projection period (June to August 2020) indicates that the number of people in Crisis and Emergency is expected to increase slightly to 1.24 million (25% of the population). However, overall, it’s expected the situation in the current period is likely to remain the same during the projection period (i.e. 12 newly merged areas (districts/tribal sub-divisions) in Phase 3 (Crisis) and 1 tribal sub-district in Phase 2 (Stress).
Where: Of the 13 newly merged areas analysed during the current period, 12 have been classified in IPC Phase 3 (Crisis): the districts of Bajaur, Khyber, Kurram, Mohmand, North Waziristan, Orakzai and South Waziristan, and the tribal sub-divisions of Bannu, Dera Ismail Khan, Lakki Marwat, Peshawar and Tank, whereas one tribal subdivision, Kohat, is classified in IPC Phase 2 (Stress).
Why: The populations in most of the newly merged areas have been experiencing conflict and terrorism for nearly a decade, which has affected their food and livestock production, food consumption, damaged infrastructure and markets, and further exacerbated the already fragile food security and livelihood situation for households. Recently, security in the area has improved. However, the affected population has not been able to fully restore their livelihoods and their overall food security conditions are still poor.","[SHOCKS AND DRIVERS]:
Economic factors, conflict, and climate-related shocks have significantly contributed to the food insecurity in the affected areas. The prolonged conflict and terrorism have severely impacted food and livestock production, food consumption, and damaged infrastructure and markets, exacerbating the fragile food security and livelihood situation for households. Additionally, the affected population has struggled to restore their livelihoods despite recent improvements in security, resulting in poor overall food security conditions.

[CURRENT FOOD SECURITY DATA]:
The current food security situation in the affected areas is critical, with 1.18 million people (23% of the population) in IPC Phase 3 (Crisis) and Phase 4 (Emergency). Specifically, 371,000 people (7% of the population) are in IPC Phase 4 (Emergency), while 800,000 people (16% of the population) are in IPC Phase 3 (Crisis). Furthermore, 12 newly merged areas (districts/tribal sub-divisions) are classified in IPC Phase 3 (Crisis), and one tribal sub-district is in IPC Phase 2 (Stress).

[PROJECTED FOOD SECURITY DATA]:
The projected food security situation for the period is expected to remain largely unchanged, with 1.24 million people (25% of the population) in Crisis and Emergency. The number of people in IPC Phase 3 (Crisis) and Phase 4 (Emergency) is expected to increase slightly to 1.24 million, representing 25% of the population. The overall classification of the 13 newly merged areas (districts/tribal sub-divisions) is expected to remain the same, with 12 areas in IPC Phase 3 (Crisis) and 1 tribal sub-district in IPC Phase 2 (Stress).

[HUMANITARIAN IMPACTS]:
The humanitarian impacts of the food insecurity are severe, with significant consequences for livelihoods, nutrition, and displacement. The affected population faces reduced food consumption, damaged infrastructure, and markets, exacerbating their already fragile food security and livelihood situation. The displacement of people due to conflict and terrorism has further exacerbated the situation, leading to a significant increase in the number of people in IPC Phase 3 (Crisis) and Phase 4 (Emergency). The urgent need for action to save lives and livelihoods is critical, with 371,000 people (7% of the population) in IPC Phase 4 (Emergency) requiring immediate assistance."
Sudan_Aug_2012_-_Oct_2012_KeyResults.txt,Sudan,Aug 2012 / Oct 2012,Aug 2012,Oct 2012,"According to the acute analysis, the Country was classified into in IPC phases 1 (Minimal), 2 (Stressed), 3 (Crisis) and 4 (Emergency) in some areas like drought prone areas and insecure areas.
Food production showed surplus in irrigated areas, in central and Northern regions while some rain fed traditional areas suffered from drop in production due to the last poor rainy season, as the majority of the rural population based on rain fed for food security and livelihood. Stable food crops like sorghum and millet recorded low production added to high food prices were the main reasons for classification of phase 3 and 4.
Food consumption was recorded as poor for the Greater Darfur states, due to civil unrest , displacement and poor access to food. Eastern region (Red Sea) which is a drought affected area, High malnutrition rates were recorded, due to insufficient food intake and some epidemic diseases, also shortage of drinking water especially in summer season is one of the problems in this area. Border States to the South Sudan suffered from conflicts and inaccessibility to rangelands added to that the stress of returnees.
For food security pillars: inadequate availability due to low production made it difficult to satisfy the needs, while in some states there was surplus in production, Food was available in the market, but the soaring food prices was the main reason for difficulties to access food for the poor and vulnerable groups. For utilization some traditional means for sanitation causes hygienic problems, while in some areas there was shortage in drinking water which may be less than 15litres / p/day.","[SHOCKS AND DRIVERS]:
Economic factors, climate shocks, conflict, displacement, and disease outbreaks have contributed to the current food insecurity situation. The poor rainy season led to a drop in production in rain-fed traditional areas, resulting in low production of stable food crops like sorghum and millet. High food prices were a major reason for the classification of IPC Phase 3 and 4 in some areas. Civil unrest, displacement, and poor access to food have also affected food consumption, particularly in areas with drought, such as the drought-affected Eastern region. Conflicts and inaccessibility to rangelands in border states have further exacerbated the situation.

[CURRENT FOOD SECURITY DATA]:
The current food security situation is characterized by IPC Phase 1 (Minimal) in some areas, IPC Phase 2 (Stressed) in others, and IPC Phase 3 (Crisis) and 4 (Emergency) in drought-prone and insecure areas. Food production has shown a surplus in irrigated areas, but a drop in production in rain-fed traditional areas. Food consumption has been recorded as poor in areas affected by civil unrest, displacement, and poor access to food. Malnutrition rates are high in drought-affected areas due to insufficient food intake and epidemic diseases. Drinking water shortages have been reported, with some areas receiving less than 15 liters per day.

[PROJECTED FOOD SECURITY DATA]:
For the projected period, it is expected that food availability will remain a challenge due to low production in rain-fed areas. Food prices are likely to remain high, making it difficult for the poor and vulnerable groups to access food. The situation is expected to worsen in areas with ongoing conflicts and displacement. IPC Phase 3 (Crisis) and 4 (Emergency) classifications are projected to persist in drought-prone and insecure areas. The population will continue to face challenges in accessing food, with high malnutrition rates and drinking water shortages expected to persist.

[HUMANITARIAN IMPACTS]:
The humanitarian impacts of the food insecurity situation are severe. Livelihoods have been severely affected, with many households struggling to access food due to high prices and poor production. Nutrition has also been severely impacted, with high malnutrition rates reported in drought-affected areas. Displacement has been a major consequence of the conflict, with many people forced to flee their homes in search of food and safety. The situation is expected to worsen, with further displacement and humanitarian needs expected to increase."
